{"cameraMode":{"drawMode":0,"name":"Shaded","section":"Shading Mode"},"sceneLighting":true,"audioPlay":false,"sceneViewState":{"m_AlwaysRefresh":false,"showFog":true,"showSkybox":true,"showFlares":true,"showImageEffects":true,"showParticleSystems":true,"showVisualEffectGraphs":true,"m_FxEnabled":true},"in2DMode":false,"pivot":{"x":-74.58020782470703,"y":38.040828704833987,"z":-70.93743133544922},"rotation":{"x":0.19169434905052186,"y":0.38428571820259097,"z":-0.08190753310918808,"w":0.8993720412254334},"size":25.414600372314454,"orthographic":true}