{"cameraMode":{"drawMode":0,"name":"Shaded","section":"Shading Mode"},"sceneLighting":true,"audioPlay":false,"sceneViewState":{"m_AlwaysRefresh":false,"showFog":true,"showSkybox":true,"showFlares":true,"showImageEffects":true,"showParticleSystems":true,"showVisualEffectGraphs":true,"m_FxEnabled":true},"in2DMode":false,"pivot":{"x":12.070244789123536,"y":-2.4618475437164308,"z":-2.786721706390381},"rotation":{"x":0.23843272030353547,"y":0.36945685744285586,"z":-0.09867831319570542,"w":0.8927021622657776},"size":63.76937484741211,"orthographic":true}