{"cameraMode":{"drawMode":0,"name":"Shaded","section":"Shading Mode"},"sceneLighting":true,"audioPlay":false,"sceneViewState":{"m_AlwaysRefresh":false,"showFog":true,"showSkybox":true,"showFlares":true,"showImageEffects":true,"showParticleSystems":true,"showVisualEffectGraphs":true,"m_FxEnabled":true},"in2DMode":false,"pivot":{"x":20.61844825744629,"y":-12.243426322937012,"z":19.576810836791993},"rotation":{"x":0.2384376972913742,"y":0.36946794390678408,"z":-0.09868547320365906,"w":0.8927288055419922},"size":57.12455749511719,"orthographic":true}