{"cameraMode":{"drawMode":0,"name":"Shaded","section":"Shading Mode"},"sceneLighting":true,"audioPlay":false,"sceneViewState":{"m_AlwaysRefresh":false,"showFog":true,"showSkybox":true,"showFlares":true,"showImageEffects":true,"showParticleSystems":true,"showVisualEffectGraphs":true,"m_FxEnabled":true},"in2DMode":false,"pivot":{"x":-11.900843620300293,"y":3.1604154109954836,"z":3.6539390087127687},"rotation":{"x":0.27609750628471377,"y":0.34504449367523196,"z":-0.10696081817150116,"w":0.8906596899032593},"size":15.092530250549317,"orthographic":true}