{"cameraMode":{"drawMode":0,"name":"Shaded","section":"Shading Mode"},"sceneLighting":true,"audioPlay":false,"sceneViewState":{"m_AlwaysRefresh":false,"showFog":true,"showSkybox":true,"showFlares":true,"showImageEffects":true,"showParticleSystems":true,"showVisualEffectGraphs":true,"m_FxEnabled":true},"in2DMode":false,"pivot":{"x":3.6110785007476808,"y":0.9921798706054688,"z":-2.899904489517212},"rotation":{"x":0.2480664998292923,"y":0.3684089481830597,"z":-0.10273735970258713,"w":0.8901970982551575},"size":55.291595458984378,"orthographic":true}