{"cameraMode":{"drawMode":0,"name":"Shaded","section":"Shading Mode"},"sceneLighting":true,"audioPlay":false,"sceneViewState":{"m_AlwaysRefresh":false,"showFog":true,"showSkybox":true,"showFlares":true,"showImageEffects":true,"showParticleSystems":true,"showVisualEffectGraphs":true,"m_FxEnabled":true},"in2DMode":false,"pivot":{"x":-21.684741973876954,"y":2.9076783657073976,"z":-10.055173873901368},"rotation":{"x":0.20260721445083619,"y":0.37632888555526736,"z":-0.08470391482114792,"w":0.9001176357269287},"size":31.32902717590332,"orthographic":true}