{"cameraMode":{"drawMode":0,"name":"Shaded","section":"Shading Mode"},"sceneLighting":true,"audioPlay":false,"sceneViewState":{"m_AlwaysRefresh":false,"showFog":true,"showSkybox":true,"showFlares":true,"showImageEffects":true,"showParticleSystems":true,"showVisualEffectGraphs":true,"m_FxEnabled":true},"in2DMode":false,"pivot":{"x":-65.66814422607422,"y":1.777095079421997,"z":28.432085037231447},"rotation":{"x":0.3425445258617401,"y":0.02930670790374279,"z":-0.010689166374504567,"w":0.9389930963516235},"size":13.967659950256348,"orthographic":true}