{"cameraMode":{"drawMode":0,"name":"Shaded","section":"Shading Mode"},"sceneLighting":true,"audioPlay":false,"sceneViewState":{"m_AlwaysRefresh":false,"showFog":true,"showSkybox":true,"showFlares":true,"showImageEffects":true,"showParticleSystems":true,"showVisualEffectGraphs":true,"m_FxEnabled":true},"in2DMode":false,"pivot":{"x":-21.468143463134767,"y":2.941159725189209,"z":-10.252063751220704},"rotation":{"x":0.20260721445083619,"y":0.37632888555526736,"z":-0.08470391482114792,"w":0.9001176357269287},"size":49.64930725097656,"orthographic":true}