{"cameraMode":{"drawMode":0,"name":"Shaded","section":"Shading Mode"},"sceneLighting":true,"audioPlay":false,"sceneViewState":{"m_AlwaysRefresh":false,"showFog":true,"showSkybox":true,"showFlares":true,"showImageEffects":true,"showParticleSystems":true,"showVisualEffectGraphs":true,"m_FxEnabled":true},"in2DMode":false,"pivot":{"x":8.678450584411621,"y":-2.586573839187622,"z":-11.288331985473633},"rotation":{"x":0.23736748099327088,"y":0.3696134686470032,"z":-0.09830127656459809,"w":0.8931025862693787},"size":43.478240966796878,"orthographic":true}